Image Name,STD sigma,SNR,Voxel Size (mm),Best Scale (mm)
PCB_001.nii.gz_noise_0.nii.gz,0.0,inf,0.8,0.3478261
PCB_001.nii.gz_noise_1.nii.gz,205.11280869466893,16.876950479501897,0.8,0.3745819
PCB_001.nii.gz_noise_2.nii.gz,407.11680333812774,8.681288700225,0.8,0.38552955
PCB_001.nii.gz_noise_3.nii.gz,604.5258852956089,6.014983305091477,0.8,0.39687845
PCB_001.nii.gz_noise_4.nii.gz,826.4681742447386,4.554556226144471,0.8,0.45039016
PCB_001.nii.gz_noise_5.nii.gz,1001.4969063224444,3.903742303887528,0.8,0.47498326
PCB_001.nii.gz_noise_6.nii.gz,1224.9908924568397,3.323271568028835,0.8,0.49498326
PCB_001.nii.gz_noise_7.nii.gz,1442.3391479167678,2.939875848696147,0.8,0.55295426
PCB_001.nii.gz_noise_8.nii.gz,1617.3506854351313,2.7391994822164683,0.8,0.5623322
PCB_001.nii.gz_noise_9.nii.gz,1788.2348789405544,2.5817795546296725,0.8,0.5668729
PCB_001.nii.gz_noise_10.nii.gz,2043.0809020994593,2.3561074909835997,0.8,0.65551835
10_PCB_001.nii.gz_noise_0.nii.gz,0.0,inf,1.0,0.20903012
10_PCB_001.nii.gz_noise_1.nii.gz,195.46854548919382,17.68018655641272,1.0,0.21903043
10_PCB_001.nii.gz_noise_2.nii.gz,408.7326895508457,8.62962828356865,1.0,0.32993313
10_PCB_001.nii.gz_noise_3.nii.gz,610.5858770454051,5.944159135241516,1.0,0.47031775
10_PCB_001.nii.gz_noise_4.nii.gz,827.4453329428063,4.533765120404545,1.0,0.6525084
10_PCB_001.nii.gz_noise_5.nii.gz,985.4160181652944,3.956775479930015,1.0,0.77341145
10_PCB_001.nii.gz_noise_6.nii.gz,1247.4492121617227,3.256845894431453,1.0,0.78431254
10_PCB_001.nii.gz_noise_7.nii.gz,1415.3600832198604,2.9919026771194437,1.0,0.79431444
10_PCB_001.nii.gz_noise_8.nii.gz,1653.0675521784979,2.673498923750812,1.0,0.80521744
10_PCB_001.nii.gz_noise_9.nii.gz,1832.1501519590447,2.5187190404890147,1.0,0.81476594
10_PCB_001.nii.gz_noise_10.nii.gz,2013.6247469472435,2.3847986528045313,1.0,0.83476594
15_PCB_001.nii.gz_noise_0.nii.gz,0.0,inf,1.5,0.45083613
15_PCB_001.nii.gz_noise_1.nii.gz,203.9137731318597,16.83838469380855,1.5,0.45043321
15_PCB_001.nii.gz_noise_2.nii.gz,419.4100927436279,8.354208216856708,1.5,0.46083613
15_PCB_001.nii.gz_noise_3.nii.gz,609.1837296026594,5.919792193627231,1.5,0.4759197
15_PCB_001.nii.gz_noise_4.nii.gz,805.4172948750662,4.62936107531199,1.5,0.60133777
15_PCB_001.nii.gz_noise_5.nii.gz,1048.795853494571,3.6989354010605644,1.5,0.70167227
15_PCB_001.nii.gz_noise_6.nii.gz,1193.896248505675,3.3791039384405495,1.5,0.8270903
15_PCB_001.nii.gz_noise_7.nii.gz,1468.9785995758893,2.871465032995985,1.5,1.535116
15_PCB_001.nii.gz_noise_8.nii.gz,1560.3493279693157,2.8122821413065693,1.5,1.2535116
15_PCB_001.nii.gz_noise_9.nii.gz,1884.674208494356,2.4379586570403804,1.5,1.2784281
15_PCB_001.nii.gz_noise_10.nii.gz,2078.267560410073,2.3079787423929647,1.5,1.3033445
PCB_002.nii.gz_noise_0.nii.gz,0.0,inf,0.8,0.13377926
PCB_002.nii.gz_noise_1.nii.gz,207.83754300747233,15.21565492096659,0.8,0.12541805
PCB_002.nii.gz_noise_2.nii.gz,404.48485751436033,8.01096979202124,0.8,0.27558527
PCB_002.nii.gz_noise_3.nii.gz,608.3950538608434,5.505853327255782,0.8,0.44314378
PCB_002.nii.gz_noise_4.nii.gz,807.7281118455016,4.310855058101246,0.8,0.4765886
PCB_002.nii.gz_noise_5.nii.gz,1019.0780617428471,3.566504194876285,0.8,0.49822742
PCB_002.nii.gz_noise_6.nii.gz,1207.2812466848525,3.1471201154676356,0.8,0.5434782
PCB_002.nii.gz_noise_7.nii.gz,1413.4709921082979,2.81617821555059,0.8,0.66889626
PCB_002.nii.gz_noise_8.nii.gz,1614.2170860590206,2.583362742618017,0.8,0.67153504
PCB_002.nii.gz_noise_9.nii.gz,1842.4049718834278,2.3719558820714504,0.8,0.6721739
PCB_002.nii.gz_noise_10.nii.gz,2061.892255332928,2.2176239061221596,0.8,0.6939799
PCB_002.nii.gz_noise_0.nii.gz,0.0,inf,0.8,0.14715718
PCB_002.nii.gz_noise_1.nii.gz,207.83754300747233,15.21565492096659,0.8,0.16715759
PCB_002.nii.gz_noise_2.nii.gz,404.48485751436033,8.01096979202124,0.8,0.22715294
PCB_002.nii.gz_noise_3.nii.gz,608.3950538608434,5.505853327255782,0.8,0.28093642
PCB_002.nii.gz_noise_4.nii.gz,807.7281118455016,4.310855058101246,0.8,0.5226287
PCB_002.nii.gz_noise_5.nii.gz,1019.0780617428471,3.566504194876285,0.8,0.5886287
PCB_002.nii.gz_noise_6.nii.gz,1207.2812466848525,3.1471201154676356,0.8,0.5987629
PCB_002.nii.gz_noise_7.nii.gz,1413.4709921082979,2.81617821555059,0.8,0.6287625
PCB_002.nii.gz_noise_8.nii.gz,1614.2170860590206,2.583362742618017,0.8,0.6387253
PCB_002.nii.gz_noise_9.nii.gz,1842.4049718834278,2.3719558820714504,0.8,0.6421404
PCB_002.nii.gz_noise_10.nii.gz,2061.892255332928,2.2176239061221596,0.8,0.66889626
10_PCB_002.nii.gz_noise_0.nii.gz,0.0,inf,1.0,0.114966564
10_PCB_002.nii.gz_noise_1.nii.gz,202.70480715793485,15.57902901093834,1.0,0.114966564
10_PCB_002.nii.gz_noise_2.nii.gz,400.75323087579284,8.07401281201824,1.0,0.34489968
10_PCB_002.nii.gz_noise_3.nii.gz,610.3970269006746,5.4752287981255465,1.0,0.50167227
10_PCB_002.nii.gz_noise_4.nii.gz,818.7862003114071,4.24119661036748,1.0,0.51212376
10_PCB_002.nii.gz_noise_5.nii.gz,1000.8779270280731,3.6232349324724904,1.0,0.6584449
10_PCB_002.nii.gz_noise_6.nii.gz,1211.3725386893743,3.132094901804223,1.0,0.7316054
10_PCB_002.nii.gz_noise_7.nii.gz,1396.529163382025,2.8397097658138,1.0,0.7420569
10_PCB_002.nii.gz_noise_8.nii.gz,1635.3000419303894,2.5450611611890697,1.0,0.7420569
10_PCB_002.nii.gz_noise_9.nii.gz,1844.4216795588582,2.3653498399237622,1.0,0.7420569
10_PCB_002.nii.gz_noise_10.nii.gz,2009.348494417286,2.2712659621543017,1.0,0.7525084
10_PCB_002.nii.gz_noise_1.nii.gz,202.70480715793485,15.57902901093834,1.0,0.15050167
10_PCB_002.nii.gz_noise_2.nii.gz,400.75323087579284,8.07401281201824,1.0,0.20066889
10_PCB_002.nii.gz_noise_3.nii.gz,610.3970269006746,5.4752287981255465,1.0,0.5518394
10_PCB_002.nii.gz_noise_4.nii.gz,818.7862003114071,4.24119661036748,1.0,0.61872905
10_PCB_002.nii.gz_noise_5.nii.gz,1000.8779270280731,3.6232349324724904,1.0,0.7357859
10_PCB_002.nii.gz_noise_6.nii.gz,1211.3725386893743,3.132094901804223,1.0,0.74250834
10_PCB_002.nii.gz_noise_7.nii.gz,1396.529163382025,2.8397097658138,1.0,0.7525307
10_PCB_002.nii.gz_noise_8.nii.gz,1635.3000419303894,2.5450611611890697,1.0,0.7592307
10_PCB_002.nii.gz_noise_9.nii.gz,1844.4216795588582,2.3653498399237622,1.0,0.7792317
10_PCB_002.nii.gz_noise_10.nii.gz,2009.348494417286,2.2712659621543017,1.0,0.8197507
15_PCB_002.nii.gz_noise_0.nii.gz,0.0,inf,1.5,0.7257525
15_PCB_002.nii.gz_noise_1.nii.gz,209.1498848916199,14.971510706313541,1.5,0.7153335
15_PCB_002.nii.gz_noise_2.nii.gz,434.70353328791447,7.382952164309577,1.5,0.7257525
15_PCB_002.nii.gz_noise_3.nii.gz,601.9862577001525,5.510622946134192,1.5,0.80100334
15_PCB_002.nii.gz_noise_4.nii.gz,796.6859150886417,4.3344882471864015,1.5,0.80100334
15_PCB_002.nii.gz_noise_5.nii.gz,1002.0465467359362,3.603840699902718,1.5,0.82608694
15_PCB_002.nii.gz_noise_6.nii.gz,1213.4361858496375,3.1021699556459543,1.5,0.82608694
15_PCB_002.nii.gz_noise_7.nii.gz,1349.680666864282,2.929634239757746,1.5,0.85117054
15_PCB_002.nii.gz_noise_8.nii.gz,1739.9335777864276,2.3744168908105725,1.5,0.85117054
15_PCB_002.nii.gz_noise_9.nii.gz,2087.5413672649242,2.0783865091155294,1.5,0.9264214
15_PCB_002.nii.gz_noise_10.nii.gz,1965.566650204505,2.3165338532975377,1.5,0.9531772
PCB_003.nii.gz_noise_0.nii.gz,0.0,inf,0.8,0.36311516
PCB_003.nii.gz_noise_1.nii.gz,203.27355556844327,11.509250108695074,0.8,0.38222647
PCB_003.nii.gz_noise_2.nii.gz,407.82723729040976,5.994650724834825,0.8,0.46244625
PCB_003.nii.gz_noise_3.nii.gz,612.1326748322484,4.214486587853796,0.8,0.5446727
PCB_003.nii.gz_noise_4.nii.gz,808.0389145357459,3.3911247573865477,0.8,0.5542284
PCB_003.nii.gz_noise_5.nii.gz,1010.2782273669529,2.8909784946621775,0.8,0.56378406
PCB_003.nii.gz_noise_6.nii.gz,1204.3451341591708,2.5865476014350715,0.8,0.58326462
PCB_003.nii.gz_noise_7.nii.gz,1406.7480624394593,2.354788611913404,0.8,0.621118
PCB_003.nii.gz_noise_8.nii.gz,1587.4699314342877,2.2186161302731153,0.8,0.67845196
PCB_003.nii.gz_noise_9.nii.gz,1816.3396256305978,2.0607262531676662,0.8,0.68756285
PCB_003.nii.gz_noise_10.nii.gz,2000.458375276381,1.9857347340971274,0.8,0.69756331
PCB_003.nii.gz_noise_0.nii.gz,0.0,inf,0.8,0.3076923
PCB_003.nii.gz_noise_1.nii.gz,203.27355556844327,11.509250108695074,0.8,0.31438127
PCB_003.nii.gz_noise_2.nii.gz,407.82723729040976,5.994650724834825,0.8,0.3876254
PCB_003.nii.gz_noise_3.nii.gz,612.1326748322484,4.214486587853796,0.8,0.49498326
PCB_003.nii.gz_noise_4.nii.gz,808.0389145357459,3.3911247573865477,0.8,0.5016714
PCB_003.nii.gz_noise_5.nii.gz,1010.2782273669529,2.8909784946621775,0.8,0.5216662
PCB_003.nii.gz_noise_6.nii.gz,1204.3451341591708,2.5865476014350715,0.8,0.55518395
PCB_003.nii.gz_noise_7.nii.gz,1406.7480624394593,2.354788611913404,0.8,0.6220736
PCB_003.nii.gz_noise_8.nii.gz,1587.4699314342877,2.2186161302731153,0.8,0.6622073
PCB_003.nii.gz_noise_9.nii.gz,1816.3396256305978,2.0607262531676662,0.8,0.6688963
PCB_003.nii.gz_noise_10.nii.gz,2000.458375276381,1.9857347340971274,0.8,0.71571904
10_PCB_003.nii.gz_noise_0.nii.gz,0.0,inf,1.0,0.32608694
10_PCB_003.nii.gz_noise_1.nii.gz,199.29773264203848,11.718113216473776,1.0,0.33444816
10_PCB_003.nii.gz_noise_2.nii.gz,400.9703130855494,6.084253678250772,1.0,0.54347825
10_PCB_003.nii.gz_noise_3.nii.gz,599.4565077135161,4.294113257188869,1.0,0.6020067
10_PCB_003.nii.gz_noise_4.nii.gz,806.7156311561437,3.3906834443796043,1.0,0.6020067
10_PCB_003.nii.gz_noise_5.nii.gz,1019.6994294783655,2.854369027371406,1.0,0.6605351
10_PCB_003.nii.gz_noise_6.nii.gz,1204.8406912475934,2.57400220807583,1.0,0.75250834
10_PCB_003.nii.gz_noise_7.nii.gz,1447.2220867378326,2.284318711895152,1.0,0.7943143
10_PCB_003.nii.gz_noise_8.nii.gz,1602.0786010783445,2.1947166017631763,1.0,0.8193979
10_PCB_003.nii.gz_noise_9.nii.gz,1764.7410402049793,2.11907240326883,1.0,0.83267555
10_PCB_003.nii.gz_noise_10.nii.gz,1972.7715958300303,2.0103594315107656,1.0,0.9531772
15_PCB_003.nii.gz_noise_0.nii.gz,0.0,inf,1.5,0.7267558
15_PCB_003.nii.gz_noise_1.nii.gz,197.17042820880692,11.746934850110963,1.5,0.7267558
15_PCB_003.nii.gz_noise_2.nii.gz,415.0867566018986,5.8298661390141495,1.5,0.7518394
15_PCB_003.nii.gz_noise_3.nii.gz,593.5535037006973,4.303396850019704,1.5,0.9152174
15_PCB_003.nii.gz_noise_4.nii.gz,774.4936841267584,3.5093300929592433,1.5,0.9403009
15_PCB_003.nii.gz_noise_5.nii.gz,983.0627571107406,2.942968784045722,1.5,1.0531772
15_PCB_003.nii.gz_noise_6.nii.gz,1288.379447032396,2.3991058938383647,1.5,1.1155518
15_PCB_003.nii.gz_noise_7.nii.gz,1368.7628431615187,2.409087614275327,1.5,1.1287625
15_PCB_003.nii.gz_noise_8.nii.gz,1669.9600143374505,2.1000771505197346,1.5,1.153846
15_PCB_003.nii.gz_noise_9.nii.gz,1814.2608768224686,2.0528759190850745,1.5,1.1162207
15_PCB_003.nii.gz_noise_10.nii.gz,2102.5803641590373,1.8843507386799658,1.5,1.2033445
PCB_004.nii.gz_noise_0.nii.gz,0.0,inf,0.8,0.39576373
PCB_004.nii.gz_noise_1.nii.gz,195.0107565970588,13.344033045283505,0.8,0.40133783
PCB_004.nii.gz_noise_2.nii.gz,403.7588873082297,6.6747565348522695,0.8,0.43904128
PCB_004.nii.gz_noise_3.nii.gz,589.0675529488747,4.7884223551428455,0.8,0.46265337
PCB_004.nii.gz_noise_4.nii.gz,802.7311905192607,3.699352582343795,0.8,0.4738016
PCB_004.nii.gz_noise_5.nii.gz,995.4964155851249,3.154014889016334,0.8,0.4738016
PCB_004.nii.gz_noise_6.nii.gz,1177.213074598098,2.8199582036399455,0.8,0.5183947
PCB_004.nii.gz_noise_7.nii.gz,1399.1417676415947,2.5100629811664876,0.8,0.61315507
PCB_004.nii.gz_noise_8.nii.gz,1612.727719650446,2.3035629628157004,0.8,0.6375809
PCB_004.nii.gz_noise_9.nii.gz,1812.3501317815474,2.1694789821242693,0.8,0.6410257
PCB_004.nii.gz_noise_10.nii.gz,2044.87122764642,2.03301219645259,0.8,0.65774816
PCB_004.nii.gz_noise_0.nii.gz,0.0,inf,0.8,0.38350055
PCB_004.nii.gz_noise_1.nii.gz,195.0107565970588,13.344033045283505,0.8,0.3924192
PCB_004.nii.gz_noise_2.nii.gz,403.7588873082297,6.6747565348522695,0.8,0.4041224
PCB_004.nii.gz_noise_3.nii.gz,589.0675529488747,4.7884223551428455,0.8,0.42363435
PCB_004.nii.gz_noise_4.nii.gz,802.7311905192607,3.699352582343795,0.8,0.43255296
PCB_004.nii.gz_noise_5.nii.gz,995.4964155851249,3.154014889016334,0.8,0.51282054
PCB_004.nii.gz_noise_6.nii.gz,1177.213074598098,2.8199582036399455,0.8,0.5217392
PCB_004.nii.gz_noise_7.nii.gz,1399.1417676415947,2.5100629811664876,0.8,0.5663323
PCB_004.nii.gz_noise_8.nii.gz,1612.727719650446,2.3035629628157004,0.8,0.5663323
PCB_004.nii.gz_noise_9.nii.gz,1812.3501317815474,2.1694789821242693,0.8,0.6555184
PCB_004.nii.gz_noise_10.nii.gz,2044.87122764642,2.03301219645259,0.8,0.65997773
10_PCB_004.nii.gz_noise_0.nii.gz,0.0,inf,1.0,0.33444816
10_PCB_004.nii.gz_noise_1.nii.gz,204.21084334893135,12.734197223711732,1.0,0.34254515
10_PCB_004.nii.gz_noise_2.nii.gz,398.47102057112096,6.756429705959807,1.0,0.36789295
10_PCB_004.nii.gz_noise_3.nii.gz,597.7656219108966,4.71020548781776,1.0,0.58528423
10_PCB_004.nii.gz_noise_4.nii.gz,796.828913505747,3.7184183394728816,1.0,0.59364545
10_PCB_004.nii.gz_noise_5.nii.gz,987.4897964249461,3.173981989287965,1.0,0.6020067
10_PCB_004.nii.gz_noise_6.nii.gz,1163.4475292336404,2.849566827573394,1.0,0.64381266
10_PCB_004.nii.gz_noise_7.nii.gz,1406.1114534910198,2.497275857793328,1.0,0.7692307
10_PCB_004.nii.gz_noise_8.nii.gz,1642.2459560630937,2.259950570586781,1.0,0.78595316
10_PCB_004.nii.gz_noise_9.nii.gz,1784.4958198285442,2.2025255577310063,1.0,0.78595316
10_PCB_004.nii.gz_noise_10.nii.gz,2045.3028624385195,2.024251146245123,1.0,0.80267555
10_PCB_004.nii.gz_noise_0.nii.gz,0.0,inf,1.0,0.3567447
10_PCB_004.nii.gz_noise_1.nii.gz,204.21084334893135,12.734197223711732,1.0,0.3567447
10_PCB_004.nii.gz_noise_2.nii.gz,398.47102057112096,6.756429705959807,1.0,0.3846154
10_PCB_004.nii.gz_noise_3.nii.gz,597.7656219108966,4.71020548781776,1.0,0.5239688
10_PCB_004.nii.gz_noise_4.nii.gz,796.828913505747,3.7184183394728816,1.0,0.5518395
10_PCB_004.nii.gz_noise_5.nii.gz,987.4897964249461,3.173981989287965,1.0,0.6187291
10_PCB_004.nii.gz_noise_6.nii.gz,1163.4475292336404,2.849566827573394,1.0,0.65774804
10_PCB_004.nii.gz_noise_7.nii.gz,1406.1114534910198,2.497275857793328,1.0,0.6744705
10_PCB_004.nii.gz_noise_8.nii.gz,1642.2459560630937,2.259950570586781,1.0,0.78037906
10_PCB_004.nii.gz_noise_9.nii.gz,1784.4958198285442,2.2025255577310063,1.0,0.7834894
10_PCB_004.nii.gz_noise_10.nii.gz,2045.3028624385195,2.024251146245123,1.0,0.79710144
15_PCB_004.nii.gz_noise_0.nii.gz,0.0,inf,1.5,0.71100334
15_PCB_004.nii.gz_noise_1.nii.gz,195.17705193214329,13.157912306037927,1.5,0.72100334
15_PCB_004.nii.gz_noise_2.nii.gz,414.90445312226205,6.412609486801205,1.5,0.78428096
15_PCB_004.nii.gz_noise_3.nii.gz,614.4043256776126,4.535593122473839,1.5,0.8190635
15_PCB_004.nii.gz_noise_4.nii.gz,785.6997016879549,3.732746701886231,1.5,0.8943144
15_PCB_004.nii.gz_noise_5.nii.gz,1014.2966660559111,3.062051618428861,1.5,0.9110368
15_PCB_004.nii.gz_noise_6.nii.gz,1222.5821015358656,2.683773705301915,1.5,0.9443772
15_PCB_004.nii.gz_noise_7.nii.gz,1374.4996534899224,2.526964219608584,1.5,1.0448161
15_PCB_004.nii.gz_noise_8.nii.gz,1562.2438579152506,2.360871489414493,1.5,1.23645483
15_PCB_004.nii.gz_noise_9.nii.gz,1740.260108002446,2.2375632397795355,1.5,1.3367893
15_PCB_004.nii.gz_noise_10.nii.gz,1938.7848308021782,2.1245574673449137,1.5,1.5127091
PCB_005.nii.gz_noise_0.nii.gz,0.0,inf,0.8,0.41042143
PCB_005.nii.gz_noise_1.nii.gz,186.44943593292166,13.233912202357365,0.8,0.41478262
PCB_005.nii.gz_noise_2.nii.gz,385.33392278126223,6.627537805405186,0.8,0.43806024
PCB_005.nii.gz_noise_3.nii.gz,542.1331850978236,4.934595724430366,0.8,0.4413378
PCB_005.nii.gz_noise_4.nii.gz,714.4380515893806,3.953061876615232,0.8,0.5518395
PCB_005.nii.gz_noise_5.nii.gz,937.2056319854194,3.196604798069176,0.8,0.5769231
PCB_005.nii.gz_noise_6.nii.gz,1125.3595551835888,2.8239550163338514,0.8,0.6020067
PCB_005.nii.gz_noise_7.nii.gz,1316.1623128644774,2.5616397903528325,0.8,0.61226795
PCB_005.nii.gz_noise_8.nii.gz,1526.1770147603002,2.34750810362236,0.8,0.650319945
PCB_005.nii.gz_noise_9.nii.gz,1726.4111584001037,2.2024495324707147,0.8,0.70234114
PCB_005.nii.gz_noise_10.nii.gz,1923.0015192683475,2.0920757721395433,0.8,0.7441472
PCB_005.nii.gz_noise_0.nii.gz,0.0,inf,0.8,0.40642137
PCB_005.nii.gz_noise_1.nii.gz,186.44943593292166,13.233912202357365,0.8,0.41478256
PCB_005.nii.gz_noise_2.nii.gz,385.33392278126223,6.627537805405186,0.8,0.42806018
PCB_005.nii.gz_noise_3.nii.gz,542.1331850978236,4.934595724430366,0.8,0.4413378
PCB_005.nii.gz_noise_4.nii.gz,714.4380515893806,3.953061876615232,0.8,0.5518394
PCB_005.nii.gz_noise_5.nii.gz,937.2056319854194,3.196604798069176,0.8,0.5769231
PCB_005.nii.gz_noise_6.nii.gz,1125.3595551835888,2.8239550163338514,0.8,0.6020066
PCB_005.nii.gz_noise_7.nii.gz,1316.1623128644774,2.5616397903528325,0.8,0.61036783
PCB_005.nii.gz_noise_8.nii.gz,1526.1770147603002,2.34750810362236,0.8,0.63386193
PCB_005.nii.gz_noise_9.nii.gz,1726.4111584001037,2.2024495324707147,0.8,0.7023411
PCB_005.nii.gz_noise_10.nii.gz,1923.0015192683475,2.0920757721395433,0.8,0.7441471
10_PCB_005.nii.gz_noise_0.nii.gz,0.0,inf,1.0,0.3867057
10_PCB_005.nii.gz_noise_1.nii.gz,191.05186846982843,12.951615745527768,1.0,0.3971572
10_PCB_005.nii.gz_noise_2.nii.gz,394.0296489227963,6.492984387447246,1.0,0.48076922
10_PCB_005.nii.gz_noise_3.nii.gz,547.3410586270794,4.894531852747003,1.0,0.50167227
10_PCB_005.nii.gz_noise_4.nii.gz,730.9391740058329,3.8736529499706402,1.0,0.5748328
10_PCB_005.nii.gz_noise_5.nii.gz,921.5550109518207,3.2555969629067913,1.0,0.62115386
10_PCB_005.nii.gz_noise_6.nii.gz,1123.5362247238947,2.8327424244893584,1.0,0.70160535
10_PCB_005.nii.gz_noise_7.nii.gz,1333.7860007467837,2.531848839834253,1.0,0.73160535
10_PCB_005.nii.gz_noise_8.nii.gz,1515.144602311309,2.362993615353964,1.0,0.75250830
10_PCB_005.nii.gz_noise_9.nii.gz,1738.6087942320526,2.1822168341448163,1.0,0.7734114
10_PCB_005.nii.gz_noise_10.nii.gz,1922.022534264455,2.0873916143074145,1.0,0.8256689
15_PCB_005.nii.gz_noise_0.nii.gz,0.0,inf,1.5,0.6162542
15_PCB_005.nii.gz_noise_1.nii.gz,194.95518965348762,12.603730548821552,1.5,0.62328593
15_PCB_005.nii.gz_noise_2.nii.gz,410.1556633334733,6.198730986024111,1.5,0.70380434
15_PCB_005.nii.gz_noise_3.nii.gz,579.259941637081,4.601269607615074,1.5,0.84276755
15_PCB_005.nii.gz_noise_4.nii.gz,756.0185172763709,3.7146107752054998,1.5,0.9054766
15_PCB_005.nii.gz_noise_5.nii.gz,920.2399476498537,3.237026065104679,1.5,1.0152174
15_PCB_005.nii.gz_noise_6.nii.gz,1057.8818188614678,2.989695623862213,1.5,1.12199
15_PCB_005.nii.gz_noise_7.nii.gz,1384.4841024972618,2.4261101496731405,1.5,1.1503762
15_PCB_005.nii.gz_noise_8.nii.gz,1516.5523791785956,2.3460877534197384,1.5,1.1817308
15_PCB_005.nii.gz_noise_9.nii.gz,1836.7280258077349,2.0609233427655793,1.5,1.1817308
15_PCB_005.nii.gz_noise_10.nii.gz,1797.9755198345824,2.2345087874297027,1.5,1.1990217

HHJ820_62_hm_t1_space_sag_p2_0.7iso_nativ_reg2ref_Warped.nii.gz_noise_0.nii.gz,1.8842713047785458,72.92155195134035,0.7,0.27591974
HHJ820_62_hm_t1_space_sag_p2_0.7iso_nativ_reg2ref_Warped.nii.gz_noise_1.nii.gz,29.268838785663117,5.142076486264977,0.7,0.357056854
HHJ820_62_hm_t1_space_sag_p2_0.7iso_nativ_reg2ref_Warped.nii.gz_noise_2.nii.gz,59.167045991900466,2.9581525777129767,0.7,0.409699
HHJ820_62_hm_t1_space_sag_p2_0.7iso_nativ_reg2ref_Warped.nii.gz_noise_3.nii.gz,89.96513566127452,2.2754512397409115,0.7,0.4180602
HHJ820_62_hm_t1_space_sag_p2_0.7iso_nativ_reg2ref_Warped.nii.gz_noise_4.nii.gz,117.42061574568226,2.0178230159412345,0.7,0.5183946
AAA417_62_hm_t1_space_sag_p2_0.7iso_nativ_reg2ref_Warped.nii.gz_noise_0.nii.gz,0.8905928777177506,77.59406519353482,0.7,0.273578596
AAA417_62_hm_t1_space_sag_p2_0.7iso_nativ_reg2ref_Warped.nii.gz_noise_1.nii.gz,15.700364814802782,10.843056123645038,0.7,0.27441471
AAA417_62_hm_t1_space_sag_p2_0.7iso_nativ_reg2ref_Warped.nii.gz_noise_2.nii.gz,32.22525466684065,5.520819128945001,0.7,0.27441471
AAA417_62_hm_t1_space_sag_p2_0.7iso_nativ_reg2ref_Warped.nii.gz_noise_3.nii.gz,47.56903269860917,3.9655277725941787,0.7,0.30100334
AAA417_62_hm_t1_space_sag_p2_0.7iso_nativ_reg2ref_Warped.nii.gz_noise_4.nii.gz,63.242154117144395,3.183670121112034,0.7,0.32608694
AAA417_62_hm_t1_space_sag_p2_0.7iso_nativ_reg2ref_Warped.nii.gz_noise_5.nii.gz,79.22324383141445,2.724619355866658,0.7,0.40180602
AAA417_62_hm_t1_space_sag_p2_0.7iso_nativ_reg2ref_Warped.nii.gz_noise_6.nii.gz,96.63906103359236,2.3918808097612168,0.7,0.40133777
AAA417_62_hm_t1_space_sag_p2_0.7iso_nativ_reg2ref_Warped.nii.gz_noise_7.nii.gz,109.99706364589258,2.2530433226909534,0.7,0.409699
AAA417_62_hm_t1_space_sag_p2_0.7iso_nativ_reg2ref_Warped.nii.gz_noise_8.nii.gz,129.57171561120248,2.046980896999245,0.7,0.419699
AAA417_62_hm_t1_space_sag_p2_0.7iso_nativ_reg2ref_Warped.nii.gz_noise_9.nii.gz,144.15662329592402,1.9634724159655699,0.7,0.4298662
AAA417_62_hm_t1_space_sag_p2_0.7iso_nativ_reg2ref_Warped.nii.gz_noise_10.nii.gz,159.5976765200996,1.8884983239135769,0.7,0.45642137
AFH292_62_hm_t1_space_sag_p2_0.7iso_nativ_reg2ref_Warped.nii.gz_noise_0.nii.gz,1.5723196966953132,75.78152713797259,0.7,0.29225412
AFH292_62_hm_t1_space_sag_p2_0.7iso_nativ_reg2ref_Warped.nii.gz_noise_1.nii.gz,5.52014339137098,30.245358222968402,0.7,0.31625411
AFH292_62_hm_t1_space_sag_p2_0.7iso_nativ_reg2ref_Warped.nii.gz_noise_3.nii.gz,17.28466607641826,9.875077810387154,0.7,0.35953176
AFH292_62_hm_t1_space_sag_p2_0.7iso_nativ_reg2ref_Warped.nii.gz_noise_4.nii.gz,23.271023248043246,7.450930845717917,0.7,0.36117057
AFH292_62_hm_t1_space_sag_p2_0.7iso_nativ_reg2ref_Warped.nii.gz_noise_5.nii.gz,29.739119889249018,5.9405831918595045,0.7,0.37772575
AFH292_62_hm_t1_space_sag_p2_0.7iso_nativ_reg2ref_Warped.nii.gz_noise_7.nii.gz,39.94624795971264,4.612993758951195,0.7,0.44280938
AFH292_62_hm_t1_space_sag_p2_0.7iso_nativ_reg2ref_Warped.nii.gz_noise_9.nii.gz,52.80611433217155,3.658614970569437,0.7,0.59297658
AFH292_62_hm_t1_space_sag_p2_0.7iso_nativ_reg2ref_Warped.nii.gz_noise_10.nii.gz,59.54060147215035,3.322880697545492,0.7,0.67825417

GPI693_62_hm_t1_space_sag_p2_0.7iso_nativ_reg2ref_Warped.nii.gz_noise_11.nii.gz,9.156283812386915,12.737988305709711,0.83,0.40969902
GPI693_62_hm_t1_space_sag_p2_0.7iso_nativ_reg2ref_Warped.nii.gz_noise_0.nii.gz,1.844610220322151,61.09351168619161,0.84,0.2346456
GPI693_62_hm_t1_space_sag_p2_0.7iso_nativ_reg2ref_Warped.nii.gz_noise_2.nii.gz,2.080542452620416,54.542119871446864,0.91,0.35751703
GPI693_62_hm_t1_space_sag_p2_0.7iso_nativ_reg2ref_Warped.nii.gz_noise_14.nii.gz,11.715836357222218,9.941158597635258,0.95,0.5029134
GPI693_62_hm_t1_space_sag_p2_0.7iso_nativ_reg2ref_Warped.nii.gz_noise_5.nii.gz,4.301806333927862,26.646066044022444,1.01,0.5494218
GPI693_62_hm_t1_space_sag_p2_0.7iso_nativ_reg2ref_Warped.nii.gz_noise_9.nii.gz,7.782371814309415,14.895211415402832,1.02,0.28770602
GPI693_62_hm_t1_space_sag_p2_0.7iso_nativ_reg2ref_Warped.nii.gz_noise_16.nii.gz,14.045300029741382,8.30887349026025,1.04,0.5343112
GPI693_62_hm_t1_space_sag_p2_0.7iso_nativ_reg2ref_Warped.nii.gz_noise_6.nii.gz,5.191764180470745,21.637699554594967,1.08,0.35902813
GPI693_62_hm_t1_space_sag_p2_0.7iso_nativ_reg2ref_Warped.nii.gz_noise_3.nii.gz,2.826289258599026,39.68376991187867,1.15,0.45180723
GPI693_62_hm_t1_space_sag_p2_0.7iso_nativ_reg2ref_Warped.nii.gz_noise_20.nii.gz,18.25033194636217,6.546740671244001,1.22,0.4055688
GPI693_62_hm_t1_space_sag_p2_0.7iso_nativ_reg2ref_Warped.nii.gz_noise_10.nii.gz,9.113817797488302,12.54983321555097,1.26,0.41886613
GPI693_62_hm_t1_space_sag_p2_0.7iso_nativ_reg2ref_Warped.nii.gz_noise_1.nii.gz,1.2164751927928226,93.36747070248785,1.27,0.46057138
GPI693_62_hm_t1_space_sag_p2_0.7iso_nativ_reg2ref_Warped.nii.gz_noise_4.nii.gz,3.766625240136683,30.369391535422455,1.37,0.45543382
GPI693_62_hm_t1_space_sag_p2_0.7iso_nativ_reg2ref_Warped.nii.gz_noise_7.nii.gz,6.613882358438134,17.466080177254188,1.38,0.44485635
GPI693_62_hm_t1_space_sag_p2_0.7iso_nativ_reg2ref_Warped.nii.gz_noise_15.nii.gz,13.591617063891617,8.692247590594391,1.38,0.45875815
GPI693_62_hm_t1_space_sag_p2_0.7iso_nativ_reg2ref_Warped.nii.gz_noise_18.nii.gz,15.560467392216127,7.648353717442827,1.4,0.5077165
GPI693_62_hm_t1_space_sag_p2_0.7iso_nativ_reg2ref_Warped.nii.gz_noise_12.nii.gz,10.796556804182492,10.672353548779876,1.44,0.46419796
GPI693_62_hm_t1_space_sag_p2_0.7iso_nativ_reg2ref_Warped.nii.gz_noise_13.nii.gz,11.601746178797027,10.178501381148969,1.49,0.46530604
GPI693_62_hm_t1_space_sag_p2_0.7iso_nativ_reg2ref_Warped.nii.gz_noise_17.nii.gz,14.691343469837276,7.86163900725383,1.55,0.48404318
GPI693_62_hm_t1_space_sag_p2_0.7iso_nativ_reg2ref_Warped.nii.gz_noise_19.nii.gz,17.217323280893083,6.763567870158575,1.63,0.5254463
GPI693_62_hm_t1_space_sag_p2_0.7iso_nativ_reg2ref_Warped.nii.gz_noise_8.nii.gz,6.828841648360274,16.569882939752404,1.75,0.74680665


GPI693_62_hm_t1_space_sag_p2_0.7iso_nativ_reg2ref_Warped.nii.gz_noise_0.nii.gz,1.844610220322151,61.09351168619161,0.84,0.5819398
GPI693_62_hm_t1_space_sag_p2_0.7iso_nativ_reg2ref_Warped.nii.gz_noise_1.nii.gz,1.2164751927928226,93.36747070248785,1.27,0.45508838
GPI693_62_hm_t1_space_sag_p2_0.7iso_nativ_reg2ref_Warped.nii.gz_noise_2.nii.gz,2.080542452620416,54.542119871446864,0.91,0.24999999
GPI693_62_hm_t1_space_sag_p2_0.7iso_nativ_reg2ref_Warped.nii.gz_noise_3.nii.gz,2.826289258599026,39.68376991187867,1.15,0.4945055
GPI693_62_hm_t1_space_sag_p2_0.7iso_nativ_reg2ref_Warped.nii.gz_noise_4.nii.gz,3.766625240136683,30.369391535422455,1.37,0.229097
GPI693_62_hm_t1_space_sag_p2_0.7iso_nativ_reg2ref_Warped.nii.gz_noise_5.nii.gz,4.301806333927862,26.646066044022444,1.01,0.47049686
GPI693_62_hm_t1_space_sag_p2_0.7iso_nativ_reg2ref_Warped.nii.gz_noise_6.nii.gz,5.191764180470745,21.637699554594967,1.08,0.4128046
GPI693_62_hm_t1_space_sag_p2_0.7iso_nativ_reg2ref_Warped.nii.gz_noise_7.nii.gz,6.613882358438134,17.466080177254188,1.38,0.2967033
GPI693_62_hm_t1_space_sag_p2_0.7iso_nativ_reg2ref_Warped.nii.gz_noise_8.nii.gz,6.828841648360274,16.569882939752404,1.75,0.72993311
GPI693_62_hm_t1_space_sag_p2_0.7iso_nativ_reg2ref_Warped.nii.gz_noise_9.nii.gz,7.782371814309415,14.895211415402832,1.02,0.3533206
GPI693_62_hm_t1_space_sag_p2_0.7iso_nativ_reg2ref_Warped.nii.gz_noise_10.nii.gz,9.113817797488302,12.54983321555097,1.26,0.43645486
GPI693_62_hm_t1_space_sag_p2_0.7iso_nativ_reg2ref_Warped.nii.gz_noise_11.nii.gz,9.156283812386915,12.737988305709711,0.83,0.49569997
GPI693_62_hm_t1_space_sag_p2_0.7iso_nativ_reg2ref_Warped.nii.gz_noise_12.nii.gz,10.796556804182492,10.672353548779876,1.44,0.18920211
GPI693_62_hm_t1_space_sag_p2_0.7iso_nativ_reg2ref_Warped.nii.gz_noise_13.nii.gz,11.601746178797027,10.178501381148969,1.49,0.23136646
GPI693_62_hm_t1_space_sag_p2_0.7iso_nativ_reg2ref_Warped.nii.gz_noise_14.nii.gz,11.715836357222218,9.941158597635258,0.95,0.6354515
GPI693_62_hm_t1_space_sag_p2_0.7iso_nativ_reg2ref_Warped.nii.gz_noise_15.nii.gz,13.591617063891617,8.692247590594391,1.38,0.28021976
GPI693_62_hm_t1_space_sag_p2_0.7iso_nativ_reg2ref_Warped.nii.gz_noise_16.nii.gz,14.045300029741382,8.30887349026025,1.04,0.45962733
GPI693_62_hm_t1_space_sag_p2_0.7iso_nativ_reg2ref_Warped.nii.gz_noise_17.nii.gz,14.691343469837276,7.86163900725383,1.55,0.22216913
GPI693_62_hm_t1_space_sag_p2_0.7iso_nativ_reg2ref_Warped.nii.gz_noise_18.nii.gz,15.560467392216127,7.648353717442827,1.4,0.26755852
GPI693_62_hm_t1_space_sag_p2_0.7iso_nativ_reg2ref_Warped.nii.gz_noise_19.nii.gz,17.217323280893083,6.763567870158575,1.63,0.63363593
GPI693_62_hm_t1_space_sag_p2_0.7iso_nativ_reg2ref_Warped.nii.gz_noise_20.nii.gz,18.25033194636217,6.546740671244001,1.22,0.39345437


KUU220_62_hm_t1_space_sag_p2_0.7iso_nativ_reg2ref_Warped.nii.gz_noise_0.nii.gz,3.045875147459174,39.74923605227628,1.39,0.08421793
KUU220_62_hm_t1_space_sag_p2_0.7iso_nativ_reg2ref_Warped.nii.gz_noise_1.nii.gz,1.6924462229916803,71.13732910742041,1.77,0.77534535
KUU220_62_hm_t1_space_sag_p2_0.7iso_nativ_reg2ref_Warped.nii.gz_noise_2.nii.gz,2.8378884187966755,42.47155088781509,1.68,0.50357715
KUU220_62_hm_t1_space_sag_p2_0.7iso_nativ_reg2ref_Warped.nii.gz_noise_3.nii.gz,3.8338553651078637,32.2934483028034,0.91,0.49070576
KUU220_62_hm_t1_space_sag_p2_0.7iso_nativ_reg2ref_Warped.nii.gz_noise_4.nii.gz,5.021345730995057,24.23071525766019,1.36,0.4696816
KUU220_62_hm_t1_space_sag_p2_0.7iso_nativ_reg2ref_Warped.nii.gz_noise_5.nii.gz,6.9270993196368496,17.93374933049423,1.4,0.49197814
KUU220_62_hm_t1_space_sag_p2_0.7iso_nativ_reg2ref_Warped.nii.gz_noise_6.nii.gz,8.502246967660888,14.348647712998625,1.61,0.5365106
KUU220_62_hm_t1_space_sag_p2_0.7iso_nativ_reg2ref_Warped.nii.gz_noise_7.nii.gz,9.777857753798768,12.816729302861887,1.29,0.53929764
KUU220_62_hm_t1_space_sag_p2_0.7iso_nativ_reg2ref_Warped.nii.gz_noise_8.nii.gz,10.764625504890654,11.346481481618284,1.76,0.67322477
KUU220_62_hm_t1_space_sag_p2_0.7iso_nativ_reg2ref_Warped.nii.gz_noise_9.nii.gz,12.19615775342111,10.302949320428494,0.74,0.58286077
KUU220_62_hm_t1_space_sag_p2_0.7iso_nativ_reg2ref_Warped.nii.gz_noise_10.nii.gz,13.705708856755564,9.294986522511781,0.83,0.472711
KUU220_62_hm_t1_space_sag_p2_0.7iso_nativ_reg2ref_Warped.nii.gz_noise_11.nii.gz,15.06748478378164,8.488340298308152,1.32,0.4318744
KUU220_62_hm_t1_space_sag_p2_0.7iso_nativ_reg2ref_Warped.nii.gz_noise_12.nii.gz,15.201795517200999,8.220084233678032,1.76,0.57322477
KUU220_62_hm_t1_space_sag_p2_0.7iso_nativ_reg2ref_Warped.nii.gz_noise_13.nii.gz,17.81864563685224,7.250995485942874,1.75,0.34989822
KUU220_62_hm_t1_space_sag_p2_0.7iso_nativ_reg2ref_Warped.nii.gz_noise_14.nii.gz,19.44892252506303,6.616898430295615,1.06,0.5651689
KUU220_62_hm_t1_space_sag_p2_0.7iso_nativ_reg2ref_Warped.nii.gz_noise_15.nii.gz,20.930762738526493,6.269014162635431,0.83,0.45259562
KUU220_62_hm_t1_space_sag_p2_0.7iso_nativ_reg2ref_Warped.nii.gz_noise_16.nii.gz,21.946049460406016,6.04181679263769,1.11,0.55147594
KUU220_62_hm_t1_space_sag_p2_0.7iso_nativ_reg2ref_Warped.nii.gz_noise_17.nii.gz,23.654043034045525,5.629101471388994,1.1,0.39988372
KUU220_62_hm_t1_space_sag_p2_0.7iso_nativ_reg2ref_Warped.nii.gz_noise_18.nii.gz,25.249311423272207,5.142884366594438,1.76,0.87322477
KUU220_62_hm_t1_space_sag_p2_0.7iso_nativ_reg2ref_Warped.nii.gz_noise_19.nii.gz,26.51997571823289,5.07262672662675,1.26,0.47331688
KUU220_62_hm_t1_space_sag_p2_0.7iso_nativ_reg2ref_Warped.nii.gz_noise_20.nii.gz,27.74595748052488,4.908186953295492,1.12,0.49537107
